player,batting_runs,batting_balls,dismissals,batting_strike_rate,batting_average,matches_played,Death,Middle,Powerplay,boundary_pct,dot_ball_pct,dismissal_rate,avg_pp_balls_per_match,avg_middle_balls_per_match,avg_death_balls_per_match,runs_conceded,bowling_balls,wickets,overs,economy,death_overs_economy,middle_overs_economy,powerplay_economy,death_overs_balls_bowled,middle_overs_balls_bowled,powerplay_balls_bowled,total_balls_bowled,score
SP Narine,1780,1068,95,166.66666666666669,18.73684210526316,118,128.92561983471074,172.36363636363637,171.13095238095238,81.57303370786518,45.1310861423221,11.242105263157894,5.694915254237288,2.330508474576271,1.0254237288135593,4931,4351,192,725.1666666666666,6.799816134222018,7.318744053282589,6.601010101010101,6.720779220779221,1051,2376,924,4351,137.78110779131237
RA Jadeja,3260,2489,123,130.97629570108478,26.504065040650406,194,152.13389121338912,110.85335542667772,119.54022988505749,50.98159509202455,31.619124146243472,20.235772357723576,0.4484536082474227,6.221649484536083,6.15979381443299,5139,4056,169,676.0,7.60207100591716,8.761363636363637,7.398936170212766,8.125,528,3384,144,4056,137.46348692074542
DJ Bravo,1560,1196,69,130.43478260869566,22.60869565217392,110,176.1627906976744,92.63157894736842,111.8181818181818,56.15384615384615,37.79264214046823,17.333333333333332,1.0,5.181818181818182,4.6909090909090905,4236,3120,183,520.0,8.146153846153846,9.101805054151624,7.349701393497014,7.605263157894737,1385,1507,228,3120,123.36919732441473
AD Russell,2655,1509,92,175.94433399602386,28.85869565217392,114,197.51724137931035,154.10691003911344,241.17647058823528,78.56873822975517,39.69516235917826,16.402173913043477,0.1491228070175438,6.728070175438597,6.359649122807017,2802,1806,123,301.0,9.308970099667777,10.587030716723548,9.011070110701109,8.063882063882064,586,813,407,1806,121.34821786455899
