bowler,runs_conceded,balls,wickets,overs,economy,death_overs_economy,middle_overs_economy,powerplay_economy,death_overs_balls_bowled,middle_overs_balls_bowled,powerplay_balls_bowled,total_balls_bowled
DJ Bravo,4236,3120,183,520.0,8.146153846153846,9.101805054151624,7.349701393497014,7.605263157894737,1385,1507,228,3120
JJ Bumrah,3987,3359,186,559.8333333333334,7.121762429294432,8.074349442379182,6.468965517241379,6.498251748251748,1345,870,1144,3359
SL Malinga,3298,2828,170,471.3333333333333,6.997171145685997,7.79946284691137,7.07,6.151215121512151,1117,600,1111,2828
HV Patel,3430,2425,151,404.1666666666667,8.48659793814433,9.471428571428572,7.708576186511241,8.765625,840,1201,384,2425
