bowler,runs_conceded,balls,wickets,overs,economy,death_overs_economy,middle_overs_economy,powerplay_economy,death_overs_balls_bowled,middle_overs_balls_bowled,powerplay_balls_bowled,total_balls_bowled
B Kumar,5336,4222,198,703.6666666666666,7.583135954523922,9.186858316221766,8.374407582938389,6.438648995297136,1461,422,2339,4222
Sandeep Sharma,3990,3045,146,507.5,7.862068965517241,9.956931359353971,7.901960784313726,6.926627218934911,743,612,1690,3045
TA Boult,3678,2687,143,447.8333333333333,8.21287681429103,10.44382801664355,8.627118644067796,7.124069478908188,721,354,1612,2687
Mohammed Shami,3688,2615,133,435.8333333333333,8.461950286806884,10.506666666666666,8.337662337662337,7.566982408660351,675,462,1478,2615
UT Yadav,4262,3057,144,509.5,8.365063788027477,10.155737704918034,8.075601374570446,7.636363636363637,732,873,1452,3057
Z Khan,2769,2200,103,366.6666666666667,7.551818181818182,9.182866556836904,8.212624584717608,6.63157894736842,607,301,1292,2200
A Nehra,2447,1908,106,318.0,7.69496855345912,8.675521821631879,7.229166666666667,7.3449222323879235,527,288,1093,1908
R Vinay Kumar,2953,2127,105,354.5,8.330042313117067,10.191780821917808,7.7478991596638656,7.261904761904762,657,714,756,2127
