bowler,runs_conceded,balls,wickets,overs,economy,death_overs_economy,middle_overs_economy,powerplay_economy,death_overs_balls_bowled,middle_overs_balls_bowled,powerplay_balls_bowled,total_balls_bowled
RA Jadeja,5139,4056,169,676.0,7.60207100591716,8.761363636363637,7.398936170212766,8.125,528,3384,144,4056
R Ashwin,5521,4710,184,785.0,7.033121019108281,7.9267886855241265,6.871543577178858,6.972843450479234,601,2857,1252,4710
A Mishra,4091,3371,173,561.8333333333334,7.281518837140314,9.213051823416508,6.918141592920354,7.130434782608695,521,2712,138,3371
SP Narine,4931,4351,192,725.1666666666666,6.799816134222018,7.318744053282589,6.601010101010101,6.720779220779221,1051,2376,924,4351
Harbhajan Singh,3996,3416,146,569.3333333333334,7.018735362997657,8.10989010989011,6.888607594936709,7.032341526520051,273,2370,773,3416
Rashid Khan,3812,3202,158,533.6666666666666,7.143035602748283,8.375,6.708827404479578,7.94269340974212,576,2277,349,3202
